{"./Video Dataset/video1.mp4": [-208.11767578125, 143.4471893310547, -40.55763244628906, 18.631059646606445, 0.0065446593798696995, 2.814331293106079, -16.7439022064209, -11.278953552246094, -20.390140533447266, -19.613109588623047, -8.349818229675293, -10.714900970458984, -12.818086624145508], "./Video Dataset/video2.mp4": [-377.68463134765625, 116.79203033447266, 13.43333625793457, 19.72450828552246, 10.728497505187988, 7.155066013336182, -5.262789726257324, -4.9116692543029785, -7.624925136566162, -6.979166507720947, -6.209051132202148, -2.7911767959594727, -4.596050262451172], "./Video Dataset/video3.mp4": [-244.9340362548828, 130.2157745361328, -11.143067359924316, 29.988048553466797, -23.55489158630371, 12.504094123840332, -15.531828880310059, 4.406319618225098, -10.196725845336914, -1.5965635776519775, -6.003271579742432, -2.6061153411865234, -4.5666422843933105], "./Video Dataset/video4.mp4": [-415.0753479003906, 107.15016174316406, 13.44066333770752, 8.428096771240234, 7.841075897216797, 5.840569019317627, 1.621798038482666, -1.5588960647583008, -2.301945924758911, -3.8827478885650635, -4.980486869812012, -5.064634799957275, -4.206536769866943], "./Video Dataset/video5.mp4": [-275.3910827636719, 148.08616638183594, 8.893219947814941, 29.6085147857666, 11.542353630065918, 14.240721702575684, -10.299914360046387, 5.254266262054443, 0.9694900512695312, -9.333677291870117, -1.4964553117752075, -4.274990081787109, -10.033695220947266], "./Video Dataset/video6.mp4": [-249.04830932617188, 138.24795532226562, -10.719773292541504, 9.593135833740234, -0.620991051197052, -5.926289081573486, -12.207807540893555, -3.212322950363159, -7.761937618255615, 0.892591118812561, -7.497386455535889, -1.4319483041763306, -2.0093400478363037], "./Video Dataset/video7.mp4": [-364.1694641113281, 107.64436340332031, 1.3866159915924072, 21.310195922851562, -0.9465005397796631, 12.591734886169434, -6.024947643280029, 6.548902988433838, -4.1053009033203125, -1.092183232307434, -2.9080452919006348, 0.062490493059158325, -1.6325076818466187], "./Video Dataset/video8.mp4": [-266.238525390625, 139.05438232421875, 6.9848504066467285, 41.029266357421875, -1.6681268215179443, 23.750003814697266, -4.54000997543335, -1.0296679735183716, -2.690065860748291, -1.6180405616760254, -4.601706504821777, -6.451420783996582, 2.112846612930298], "./Video Dataset/video9.mp4": [-283.3385009765625, 134.8092803955078, -12.274903297424316, 48.51774978637695, 4.7648797035217285, 12.984318733215332, -8.762940406799316, 1.1116018295288086, -4.22489595413208, -9.9008150100708, -4.871817588806152, 0.0840347483754158, -0.12337550520896912], "./Video Dataset/video10.mp4": [-303.9986877441406, 124.1021957397461, 13.815534591674805, 41.68851852416992, 0.6596272587776184, 24.375717163085938, -8.793102264404297, 5.8463006019592285, -0.9641483426094055, -4.418280601501465, -1.7831586599349976, -2.9435372352600098, -3.0030441284179688], "./Video Dataset/video11.mp4": [-291.709716796875, 114.69161224365234, 7.879302501678467, 24.91793441772461, -1.9482530355453491, 4.33492374420166, 3.4605655670166016, 0.9646191596984863, -1.9549795389175415, 0.5426718592643738, 0.88092041015625, -2.7083141803741455, 0.19222615659236908], "./Video Dataset/video12.mp4": [-151.16409301757812, 140.1678924560547, -75.44158935546875, 32.62635803222656, -34.759395599365234, 18.064363479614258, -26.404769897460938, 11.041126251220703, -8.827078819274902, -0.0804256722331047, -4.026657581329346, 0.6512749791145325, 3.209853410720825], "./Video Dataset/video13.mp4": [-331.50360107421875, 130.98667907714844, -2.2345144748687744, 21.715612411499023, 16.188751220703125, 5.537195682525635, -12.251264572143555, 7.42797327041626, 1.4014402627944946, -10.916833877563477, -0.03901001065969467, -1.104271650314331, -7.5990800857543945], "./Video Dataset/video14.mp4": [-318.11602783203125, 137.8767547607422, -15.027244567871094, 21.031166076660156, 1.1782115697860718, 1.101784110069275, -10.591340065002441, -7.454824924468994, -7.853755474090576, -11.791133880615234, -1.395811676979065, -5.06991720199585, -8.216145515441895], "./Video Dataset/video15.mp4": [-213.42086791992188, 154.52894592285156, -11.836492538452148, 24.383909225463867, 4.258526802062988, 15.18860149383545, -5.992550373077393, 1.0579968690872192, -4.455198764801025, -7.016563415527344, -5.485174179077148, -2.0194199085235596, 1.0223398208618164], "./Video Dataset/video16.mp4": [-258.02752685546875, 145.70318603515625, 17.181421279907227, 17.983795166015625, 6.400261878967285, 10.373324394226074, -1.1396284103393555, -0.931088387966156, -0.5719128251075745, -3.2497851848602295, -1.4973329305648804, -1.9339187145233154, -0.7143681645393372], "./Video Dataset/video17.mp4": [-170.13539123535156, 147.22607421875, -22.34515380859375, 34.22733688354492, 1.0430500507354736, 12.028454780578613, -13.570637702941895, 3.7832953929901123, -8.201990127563477, -7.1581950187683105, -5.998068809509277, -1.2880197763442993, 0.04483655095100403], "./Video Dataset/video18.mp4": [-268.913330078125, 157.74069213867188, -24.29803466796875, 35.086795806884766, -15.114611625671387, 18.27724838256836, -7.326054573059082, 8.218035697937012, 1.6412482261657715, 4.746663570404053, 5.022768974304199, 2.465834379196167, 4.0258283615112305], "./Video Dataset/video19.mp4": [-174.722900390625, 142.59596252441406, -20.485559463500977, 32.13452911376953, 0.05027047172188759, 10.730173110961914, -11.050830841064453, 3.7921550273895264, -6.172338008880615, -6.281097412109375, -5.678651332855225, -0.3471900224685669, -0.22324636578559875], "./Video Dataset/video20.mp4": [-395.0148010253906, 112.3206558227539, 30.163978576660156, 35.41934585571289, 12.39378833770752, 13.737963676452637, -4.362826347351074, -7.768081188201904, 2.847832679748535, -0.5255211591720581, 0.6685366034507751, 0.274442195892334, -0.14491774141788483]}