{"../../Video Dataset/video1.mp4": [0.35665377974510193, 0.39413660764694214, 0.37668052315711975, 0.38081440329551697, 0.37452706694602966, 0.3490973114967346, 0.30290594696998596, 0.31548815965652466, 0.2954217791557312, 0.2912012040615082, 0.36521801352500916, 0.39711183309555054], "../../Video Dataset/video2.mp4": [0.3844936788082123, 0.36976730823516846, 0.36710336804389954, 0.35260525345802307, 0.3484003245830536, 0.37008899450302124, 0.38784259557724, 0.4239932596683502, 0.4148203134536743, 0.43201375007629395, 0.42927953600883484, 0.39513063430786133], "../../Video Dataset/video3.mp4": [0.5478825569152832, 0.5048490762710571, 0.5014265775680542, 0.5081481337547302, 0.4624789357185364, 0.4427048861980438, 0.4205875098705292, 0.4664088487625122, 0.4574587345123291, 0.4459242820739746, 0.4734201729297638, 0.5023903250694275], "../../Video Dataset/video4.mp4": [0.43441006541252136, 0.43306854367256165, 0.4575970768928528, 0.41299086809158325, 0.4140090048313141, 0.43703508377075195, 0.42025986313819885, 0.43937230110168457, 0.42559948563575745, 0.5013229250907898, 0.43607810139656067, 0.39303553104400635], "../../Video Dataset/video5.mp4": [0.4895215630531311, 0.4699382781982422, 0.4237872362136841, 0.36519157886505127, 0.3332744836807251, 0.3393149971961975, 0.33787205815315247, 0.40936219692230225, 0.4587955176830292, 0.48700523376464844, 0.5020411610603333, 0.4799354374408722], "../../Video Dataset/video6.mp4": [0.4277913570404053, 0.442935585975647, 0.4127363860607147, 0.3902641534805298, 0.37727051973342896, 0.3982274532318115, 0.41463279724121094, 0.42968907952308655, 0.4333268404006958, 0.4317040741443634, 0.42140865325927734, 0.41415873169898987], "../../Video Dataset/video7.mp4": [0.4634982645511627, 0.47742322087287903, 0.5016353130340576, 0.47855889797210693, 0.49334871768951416, 0.47665706276893616, 0.4973345398902893, 0.47188690304756165, 0.4437273144721985, 0.4553241729736328, 0.43642252683639526, 0.4631139039993286], "../../Video Dataset/video8.mp4": [0.4571325480937958, 0.442334920167923, 0.4396507740020752, 0.4325335621833801, 0.42772185802459717, 0.4287061095237732, 0.42502808570861816, 0.4649847447872162, 0.4606148600578308, 0.4714221656322479, 0.4726695120334625, 0.45885804295539856], "../../Video Dataset/video9.mp4": [0.41520485281944275, 0.4608038067817688, 0.49346089363098145, 0.4768621027469635, 0.4644719064235687, 0.45443543791770935, 0.4045456349849701, 0.3988375961780548, 0.41702571511268616, 0.43842342495918274, 0.4575241804122925, 0.43657273054122925], "../../Video Dataset/video10.mp4": [0.44111526012420654, 0.42067065834999084, 0.4178531765937805, 0.42804279923439026, 0.44089213013648987, 0.5092148780822754, 0.4989486038684845, 0.5187164545059204, 0.5182664394378662, 0.5169892907142639, 0.487373948097229, 0.4331180155277252]}