{"../../Video Dataset/video1.mp4": 0.11557777225971222, "../../Video Dataset/video2.mp4": 0.031662970781326294, "../../Video Dataset/video3.mp4": 0.039312694221735, "../../Video Dataset/video4.mp4": 0.03298138082027435, "../../Video Dataset/video5.mp4": 0.09733714163303375, "../../Video Dataset/video6.mp4": 0.1294475942850113, "../../Video Dataset/video7.mp4": 0.025070734322071075, "../../Video Dataset/video8.mp4": 0.08010195195674896, "../../Video Dataset/video9.mp4": 0.05745600908994675, "../../Video Dataset/video10.mp4": 0.058966949582099915}