{"../../Video Dataset/video1.mp4": [-208.11767578125, 143.4471893310547, -40.55763244628906, 18.631059646606445, 0.0065446593798696995, 2.814331293106079, -16.7439022064209, -11.278953552246094, -20.390140533447266, -19.613109588623047, -8.349818229675293, -10.714900970458984, -12.818086624145508], "../../Video Dataset/video2.mp4": [-377.68463134765625, 116.79203033447266, 13.43333625793457, 19.72450828552246, 10.728497505187988, 7.155066013336182, -5.262789726257324, -4.9116692543029785, -7.624925136566162, -6.979166507720947, -6.209051132202148, -2.7911767959594727, -4.596050262451172], "../../Video Dataset/video3.mp4": [-244.9340362548828, 130.2157745361328, -11.143067359924316, 29.988048553466797, -23.55489158630371, 12.504094123840332, -15.531828880310059, 4.406319618225098, -10.196725845336914, -1.5965635776519775, -6.003271579742432, -2.6061153411865234, -4.5666422843933105], "../../Video Dataset/video4.mp4": [-415.0753479003906, 107.15016174316406, 13.44066333770752, 8.428096771240234, 7.841075897216797, 5.840569019317627, 1.621798038482666, -1.5588960647583008, -2.301945924758911, -3.8827478885650635, -4.980486869812012, -5.064634799957275, -4.206536769866943], "../../Video Dataset/video5.mp4": [-275.3910827636719, 148.08616638183594, 8.893219947814941, 29.6085147857666, 11.542353630065918, 14.240721702575684, -10.299914360046387, 5.254266262054443, 0.9694900512695312, -9.333677291870117, -1.4964553117752075, -4.274990081787109, -10.033695220947266], "../../Video Dataset/video6.mp4": [-249.04830932617188, 138.24795532226562, -10.719773292541504, 9.593135833740234, -0.620991051197052, -5.926289081573486, -12.207807540893555, -3.212322950363159, -7.761937618255615, 0.892591118812561, -7.497386455535889, -1.4319483041763306, -2.0093400478363037], "../../Video Dataset/video7.mp4": [-364.1694641113281, 107.64436340332031, 1.3866159915924072, 21.310195922851562, -0.9465005397796631, 12.591734886169434, -6.024947643280029, 6.548902988433838, -4.1053009033203125, -1.092183232307434, -2.9080452919006348, 0.062490493059158325, -1.6325076818466187], "../../Video Dataset/video8.mp4": [-266.238525390625, 139.05438232421875, 6.9848504066467285, 41.029266357421875, -1.6681268215179443, 23.750003814697266, -4.54000997543335, -1.0296679735183716, -2.690065860748291, -1.6180405616760254, -4.601706504821777, -6.451420783996582, 2.112846612930298], "../../Video Dataset/video9.mp4": [-283.3385009765625, 134.8092803955078, -12.274903297424316, 48.51774978637695, 4.7648797035217285, 12.984318733215332, -8.762940406799316, 1.1116018295288086, -4.22489595413208, -9.9008150100708, -4.871817588806152, 0.0840347483754158, -0.12337550520896912], "../../Video Dataset/video10.mp4": [-303.9986877441406, 124.1021957397461, 13.815534591674805, 41.68851852416992, 0.6596272587776184, 24.375717163085938, -8.793102264404297, 5.8463006019592285, -0.9641483426094055, -4.418280601501465, -1.7831586599349976, -2.9435372352600098, -3.0030441284179688]}